Timestamp,Machine ID,Operator ID,Engine Hours,Fuel Used (L),Load Cycles,Idling Time (min),Engine RPM,Speed (km/h),Hydraulic Pressure (bar),Slippage Events,Bucket Position,Seatbelt Status,Proximity Distance (m),Proximity Alert,Safety Alert Triggered
2026-09-15 08:00:00,EXC001,OP1002,2126.7,3.9,11,20,1571,7.4,81.6,1,Rest,Fastened,19.9,No,No
2026-09-15 08:00:00,LDR002,OP1002,893.8,2.3,1,60,776,15.9,250.1,1,Hoist,Fastened,15.4,No,Yes
2026-09-15 08:00:00,CMP006,OP1008,5308.0,1.7,7,60,1298,10.4,113.5,0,Dig,Fastened,12.6,No,Yes
2026-09-15 08:00:00,EXC007,OP1005,5226.0,6.1,1,60,1140,21.3,155.0,0,Rest,Fastened,8.1,No,Yes
2026-09-15 08:00:00,LDR008,OP1003,2053.3,7.2,6,5,818,19.5,236.9,0,Hoist,Fastened,12.9,No,No
2026-09-15 09:00:00,BDZ003,OP1008,3771.8,7.4,6,20,1453,5.9,175.5,1,Rest,Unfastened,15.5,No,Yes
2026-09-15 09:00:00,CMP006,OP1008,5309.3,6.9,11,15,1810,13.7,64.8,1,Rest,Fastened,11.7,No,No
2026-09-15 09:00:00,LDR008,OP1006,2054.2,1.7,11,5,1701,20.6,243.5,0,Hoist,Fastened,5.4,No,No
2026-09-15 10:00:00,LDR002,OP1007,896.3,4.2,4,5,1549,11.3,146.6,2,Dump,Fastened,13.7,No,No
2026-09-15 10:00:00,GRD004,OP1008,1851.2,7.6,10,5,1032,13.0,166.1,0,Rest,Fastened,18.0,No,No
2026-09-15 10:00:00,DMP005,OP1005,4856.9,7.9,15,10,1355,6.5,229.7,0,Hoist,Fastened,16.4,No,No
2026-09-15 10:00:00,CMP006,OP1004,5311.4,6.8,14,15,940,7.4,108.5,0,Dig,Fastened,10.9,No,No
2026-09-15 10:00:00,EXC007,OP1001,5227.1,4.1,14,20,1838,16.9,178.8,0,Rest,Unfastened,10.2,No,Yes
2026-09-15 11:00:00,EXC001,OP1004,2128.4,6.5,5,10,1092,3.0,65.5,0,Rest,Fastened,8.0,No,No
2026-09-15 11:00:00,DMP005,OP1003,4858.3,3.4,6,15,1375,0.4,238.4,1,Hoist,Fastened,5.9,No,No
2026-09-15 11:00:00,CMP006,OP1010,5312.6,2.8,1,20,1867,15.8,68.1,0,Rest,Fastened,21.6,No,No
2026-09-15 12:00:00,EXC001,OP1010,2130.5,2.7,0,10,2150,7.1,75.2,0,Rest,Fastened,19.1,No,No
2026-09-15 12:00:00,BDZ003,OP1007,3774.2,5.4,8,75,806,12.6,196.2,0,Hoist,Fastened,7.4,No,Yes
2026-09-15 12:00:00,GRD004,OP1009,1853.7,3.9,3,20,1553,13.3,89.0,1,Dump,Fastened,8.7,No,No
2026-09-15 12:00:00,DMP005,OP1006,4859.7,4.7,5,30,2200,6.4,175.6,1,Dig,Fastened,16.5,No,No
2026-09-15 12:00:00,LDR008,OP1006,2055.8,3.4,12,60,801,4.1,147.4,1,Dig,Fastened,14.0,No,Yes
2026-09-15 13:00:00,LDR002,OP1001,897.3,3.9,11,15,1815,17.3,107.8,0,Rest,Fastened,23.8,No,No
2026-09-15 13:00:00,CMP006,OP1005,5314.3,5.9,3,15,977,7.2,161.5,3,Rest,Fastened,24.5,No,No
2026-09-15 13:00:00,EXC007,OP1002,5228.8,6.9,11,5,2105,0.3,177.7,0,Dig,Fastened,19.9,No,No
2026-09-15 13:00:00,LDR008,OP1004,2058.1,6.6,0,30,1670,16.9,103.2,0,Rest,Fastened,5.9,No,No
2026-09-15 14:00:00,DMP005,OP1009,4860.8,2.0,1,20,713,24.8,118.1,1,Dig,Fastened,23.0,No,No
2026-09-15 14:00:00,LDR008,OP1005,2060.0,7.0,14,20,1216,17.8,85.8,2,Dump,Fastened,6.7,No,No
2026-09-15 15:00:00,EXC001,OP1003,2131.5,3.3,15,5,1602,15.9,63.3,0,Dig,Fastened,7.7,No,No
2026-09-15 15:00:00,BDZ003,OP1009,3775.8,7.4,4,10,1595,21.3,149.2,0,Rest,Fastened,17.9,No,No
2026-09-15 15:00:00,GRD004,OP1010,1855.0,5.3,1,45,1895,11.9,151.8,1,Dig,Fastened,15.9,No,No
2026-09-15 15:00:00,CMP006,OP1003,5316.7,5.9,15,75,991,6.2,157.7,1,Dump,Fastened,3.6,No,Yes
2026-09-15 15:00:00,LDR008,OP1002,2061.6,5.1,9,20,1311,0.2,175.6,1,Dig,Fastened,10.2,No,No
2026-09-15 16:00:00,LDR002,OP1008,898.7,1.8,10,10,1198,2.3,133.1,3,Rest,Fastened,3.5,No,No
2026-09-15 16:00:00,BDZ003,OP1001,3778.2,2.0,7,10,757,10.4,98.6,0,Rest,Fastened,9.1,No,No
2026-09-15 16:00:00,DMP005,OP1004,4861.8,5.5,15,20,2050,12.6,130.3,1,Rest,Fastened,4.2,No,No
2026-09-15 16:00:00,EXC007,OP1002,5231.2,2.3,10,5,950,0.5,167.3,0,Rest,Fastened,23.0,No,No
2026-09-15 17:00:00,EXC001,OP1002,2132.6,2.5,9,5,874,10.0,131.8,0,Rest,Fastened,12.2,No,No
2026-09-15 17:00:00,LDR002,OP1010,900.8,7.4,0,10,1267,5.4,92.7,0,Dig,Fastened,14.1,No,No
2026-09-15 17:00:00,GRD004,OP1003,1856.1,2.7,14,20,1342,20.5,124.4,1,Rest,Fastened,21.1,No,No
2026-09-15 17:00:00,EXC007,OP1007,5233.6,7.4,8,5,1273,12.4,105.5,0,Rest,Fastened,11.1,No,No
2026-09-15 18:00:00,EXC001,OP1004,2133.6,5.3,13,30,1325,19.4,168.1,0,Rest,Fastened,19.9,No,No
2026-09-15 18:00:00,LDR002,OP1001,903.3,1.6,8,15,807,3.3,152.5,0,Rest,Fastened,3.2,No,No
2026-09-15 18:00:00,BDZ003,OP1003,3780.6,6.4,15,30,1618,1.0,111.4,1,Dig,Fastened,19.9,No,No
2026-09-15 18:00:00,DMP005,OP1005,4862.6,4.3,5,15,919,13.4,115.3,1,Rest,Fastened,0.9,Yes,Yes
2026-09-15 18:00:00,CMP006,OP1002,5318.6,4.5,15,20,1370,10.1,140.3,2,Dump,Fastened,2.4,No,No
2026-09-15 18:00:00,LDR008,OP1005,2062.6,2.5,7,5,816,6.5,166.0,0,Dump,Unfastened,16.2,No,Yes
2026-09-15 19:00:00,LDR002,OP1006,905.4,1.8,9,15,1638,12.8,115.5,2,Rest,Fastened,12.2,No,No
2026-09-15 19:00:00,GRD004,OP1008,1857.2,2.8,10,20,2056,21.8,58.1,0,Dump,Fastened,19.5,No,No
2026-09-15 19:00:00,DMP005,OP1006,4864.3,5.2,7,10,1314,6.7,98.5,0,Rest,Fastened,6.7,No,No
2026-09-15 19:00:00,EXC007,OP1005,5235.9,4.0,13,5,1108,12.5,112.3,0,Dig,Fastened,6.5,No,No
2026-09-15 21:00:00,EXC001,OP1004,2135.5,5.1,5,20,705,15.6,60.6,0,Rest,Fastened,23.7,No,No
2026-09-15 21:00:00,BDZ003,OP1009,3781.4,3.0,3,5,797,23.5,105.0,1,Dump,Fastened,21.0,No,No
2026-09-15 21:00:00,GRD004,OP1006,1858.9,6.7,8,10,1949,13.7,162.8,1,Dump,Fastened,22.8,No,No
2026-09-15 21:00:00,CMP006,OP1008,5319.4,4.1,13,30,1133,15.9,160.5,1,Dump,Fastened,18.4,No,No
2026-09-15 21:00:00,LDR008,OP1008,2064.1,1.7,6,10,1402,24.9,104.4,0,Rest,Fastened,1.1,Yes,Yes
2026-09-15 22:00:00,LDR002,OP1002,907.8,5.5,2,5,958,12.3,59.6,0,Dig,Fastened,10.3,No,No
2026-09-15 22:00:00,BDZ003,OP1008,3782.9,2.4,13,30,703,14.9,117.0,0,Rest,Fastened,3.2,No,No
2026-09-15 22:00:00,DMP005,OP1001,4866.5,1.6,5,5,869,2.3,121.9,0,Rest,Unfastened,16.4,No,Yes
2026-09-15 22:00:00,EXC007,OP1001,5238.2,4.7,10,15,1495,24.7,96.7,0,Dig,Fastened,20.2,No,No
2026-09-15 23:00:00,EXC001,OP1005,2137.1,6.6,6,15,1570,17.6,248.7,2,Hoist,Fastened,6.2,No,No
2026-09-15 23:00:00,GRD004,OP1005,1860.0,4.6,8,10,1289,19.3,139.7,0,Dump,Fastened,6.0,No,No
2026-09-15 23:00:00,CMP006,OP1010,5320.7,1.8,14,30,733,21.3,166.2,1,Dig,Fastened,14.7,No,No
2026-09-16 00:00:00,EXC001,OP1002,2138.8,7.5,14,20,954,1.5,127.4,1,Dig,Fastened,20.8,No,No
2026-09-16 00:00:00,LDR002,OP1010,909.7,6.1,6,15,1580,13.3,240.5,0,Hoist,Fastened,9.8,No,No
2026-09-16 00:00:00,GRD004,OP1006,1861.8,6.1,11,15,1605,23.9,87.8,0,Dig,Fastened,10.2,No,No
2026-09-16 00:00:00,DMP005,OP1002,4868.7,6.0,15,20,1255,22.4,79.9,2,Dig,Fastened,24.4,No,No
2026-09-16 00:00:00,CMP006,OP1007,5323.1,2.5,8,5,891,5.1,67.1,1,Dump,Fastened,24.8,No,No
2026-09-16 00:00:00,EXC007,OP1005,5239.3,8.0,5,10,905,1.5,118.8,1,Dig,Fastened,22.4,No,No
2026-09-16 00:00:00,LDR008,OP1006,2066.1,2.7,3,20,1664,12.7,159.3,2,Dig,Fastened,12.2,No,No
2026-09-16 01:00:00,BDZ003,OP1009,3784.3,7.9,0,15,1499,24.4,118.4,0,Rest,Fastened,16.9,No,No
2026-09-16 01:00:00,DMP005,OP1001,4871.1,2.4,12,20,857,4.5,52.0,0,Dig,Fastened,13.8,No,No
2026-09-16 01:00:00,EXC007,OP1001,5241.2,4.0,5,10,1060,19.1,124.8,3,Dig,Fastened,23.0,No,No
2026-09-16 01:00:00,LDR008,OP1006,2068.2,4.2,10,20,1461,16.4,79.0,2,Rest,Fastened,22.9,No,No
2026-09-16 02:00:00,EXC001,OP1008,2140.8,5.4,0,20,887,10.9,165.6,1,Dump,Fastened,12.8,No,No
2026-09-16 02:00:00,LDR002,OP1002,912.0,6.0,15,15,837,7.8,83.1,3,Rest,Fastened,10.3,No,No
2026-09-16 02:00:00,EXC007,OP1001,5243.0,7.7,15,30,1810,17.6,123.8,0,Rest,Fastened,22.9,No,No
2026-09-16 03:00:00,EXC001,OP1005,2143.2,4.4,8,30,1071,14.4,72.8,0,Dig,Fastened,23.8,No,No
2026-09-16 03:00:00,LDR002,OP1003,914.2,2.3,11,5,2062,13.9,123.0,0,Dump,Fastened,18.6,No,No
2026-09-16 03:00:00,BDZ003,OP1006,3785.2,6.5,10,10,973,19.7,145.3,0,Rest,Fastened,18.8,No,No
2026-09-16 03:00:00,GRD004,OP1009,1863.0,3.1,7,15,2006,17.4,130.0,0,Rest,Fastened,13.7,No,No
2026-09-16 03:00:00,DMP005,OP1009,4872.2,6.2,11,10,809,8.3,68.2,3,Dig,Fastened,10.0,No,No
2026-09-16 03:00:00,CMP006,OP1001,5324.5,5.8,3,5,702,9.9,140.9,0,Rest,Fastened,16.4,No,No
2026-09-16 03:00:00,LDR008,OP1010,2070.0,2.3,12,15,1785,14.5,111.4,0,Dump,Fastened,1.8,Yes,Yes
2026-09-16 04:00:00,BDZ003,OP1008,3786.6,6.2,14,10,775,24.5,198.2,0,Hoist,Fastened,20.8,No,No
2026-09-16 04:00:00,GRD004,OP1003,1863.9,7.6,15,15,1677,0.1,272.9,0,Hoist,Fastened,3.0,No,No
2026-09-16 04:00:00,DMP005,OP1010,4873.7,8.0,15,30,1167,9.9,53.9,0,Dig,Fastened,19.3,No,No
2026-09-16 04:00:00,CMP006,OP1001,5326.1,6.0,15,5,845,0.2,65.7,2,Rest,Fastened,17.2,No,No
2026-09-16 04:00:00,EXC007,OP1001,5244.1,2.3,5,5,1362,13.2,169.3,0,Rest,Fastened,15.2,No,No
2026-09-16 05:00:00,LDR002,OP1006,916.5,7.0,11,20,1839,2.6,195.5,0,Hoist,Unfastened,15.2,No,Yes
2026-09-16 05:00:00,CMP006,OP1005,5327.6,8.0,4,20,840,3.4,147.9,0,Dig,Fastened,8.2,No,No
2026-09-16 05:00:00,EXC007,OP1009,5244.9,4.1,3,15,1389,21.5,98.6,2,Dig,Fastened,19.5,No,No
2026-09-16 05:00:00,LDR008,OP1006,2071.5,3.6,5,45,865,10.2,270.7,0,Hoist,Fastened,24.8,No,No
2026-09-16 06:00:00,EXC001,OP1007,2144.7,6.0,9,30,2056,8.3,161.5,0,Dump,Unfastened,12.0,No,Yes
2026-09-16 06:00:00,BDZ003,OP1005,3787.7,6.4,6,30,1285,12.9,120.6,0,Dig,Fastened,8.2,No,No
2026-09-16 06:00:00,DMP005,OP1007,4875.4,2.0,4,10,1478,2.1,153.7,1,Dump,Fastened,14.9,No,No
2026-09-16 07:00:00,LDR002,OP1009,917.5,1.7,8,10,759,24.4,129.8,1,Dig,Fastened,11.0,No,No
2026-09-16 07:00:00,GRD004,OP1002,1865.0,1.7,5,60,1555,16.3,146.0,2,Rest,Fastened,16.3,No,Yes
2026-09-16 07:00:00,EXC007,OP1008,5246.2,7.5,11,75,1157,16.2,175.9,1,Rest,Fastened,11.2,No,Yes
2026-09-16 07:00:00,LDR008,OP1008,2072.9,4.7,2,75,965,6.8,71.9,1,Dig,Fastened,1.9,Yes,Yes
2026-09-16 08:00:00,EXC001,OP1006,2146.9,1.5,14,15,1546,2.9,162.4,1,Dig,Fastened,8.2,No,No
2026-09-16 08:00:00,LDR002,OP1003,918.8,5.6,0,30,887,21.7,220.1,0,Hoist,Fastened,9.1,No,No
2026-09-16 08:00:00,BDZ003,OP1006,3790.0,3.7,5,5,1716,10.9,107.2,3,Rest,Fastened,7.2,No,No
2026-09-16 08:00:00,GRD004,OP1003,1867.4,1.6,3,5,1386,23.4,170.4,2,Dig,Fastened,19.8,No,No
2026-09-16 08:00:00,CMP006,OP1004,5329.4,7.1,2,20,905,15.7,103.5,1,Rest,Fastened,9.1,No,No
2026-09-16 09:00:00,EXC001,OP1001,2148.0,6.0,3,10,759,5.1,272.8,0,Hoist,Fastened,15.8,No,No
2026-09-16 09:00:00,DMP005,OP1002,4877.5,2.4,5,5,1582,0.1,96.8,0,Rest,Fastened,9.3,No,No
2026-09-16 09:00:00,CMP006,OP1006,5331.5,5.4,9,15,2114,19.8,133.8,0,Rest,Fastened,24.1,No,No
2026-09-16 10:00:00,GRD004,OP1003,1869.0,2.6,14,20,2027,21.3,199.3,0,Hoist,Fastened,22.3,No,No
2026-09-16 10:00:00,CMP006,OP1009,5333.7,6.7,7,20,1713,4.7,134.0,1,Rest,Fastened,13.2,No,No
2026-09-16 10:00:00,EXC007,OP1003,5248.0,7.0,1,5,1072,4.4,141.3,0,Rest,Fastened,17.4,No,No
2026-09-16 10:00:00,LDR008,OP1001,2074.4,3.6,6,15,736,0.9,98.5,0,Rest,Fastened,12.2,No,No
2026-09-16 11:00:00,LDR002,OP1005,920.5,1.8,5,10,1965,18.0,123.8,0,Dig,Fastened,4.4,No,No
2026-09-16 11:00:00,BDZ003,OP1007,3791.6,3.6,2,45,1371,2.0,156.9,0,Dump,Fastened,20.1,No,No
2026-09-16 11:00:00,DMP005,OP1009,4879.2,3.4,12,15,873,2.3,92.2,0,Dump,Fastened,2.7,No,No
2026-09-16 12:00:00,EXC001,OP1009,2149.8,7.7,4,10,1720,10.2,159.4,0,Rest,Fastened,14.0,No,No
2026-09-16 12:00:00,LDR002,OP1008,922.4,2.2,15,10,1779,10.4,116.6,0,Rest,Fastened,12.4,No,No
2026-09-16 12:00:00,GRD004,OP1004,1871.0,4.8,2,5,1520,4.4,166.6,1,Dig,Fastened,7.7,No,No
2026-09-16 12:00:00,CMP006,OP1001,5334.7,5.2,11,15,1818,24.7,67.2,2,Dig,Fastened,13.4,No,No
2026-09-16 13:00:00,EXC007,OP1002,5249.3,7.9,5,30,2002,23.4,146.9,0,Rest,Fastened,16.2,No,No
2026-09-16 13:00:00,LDR008,OP1005,2075.2,6.9,9,20,1295,3.2,126.5,0,Rest,Fastened,22.0,No,No
2026-09-16 14:00:00,BDZ003,OP1008,3792.9,8.0,8,15,2009,8.8,163.1,0,Rest,Fastened,4.6,No,No
2026-09-16 14:00:00,DMP005,OP1003,4881.5,2.4,5,45,1590,17.1,85.0,0,Rest,Unfastened,14.5,No,Yes
2026-09-16 14:00:00,EXC007,OP1001,5251.5,2.2,0,20,798,6.6,58.8,0,Rest,Fastened,8.7,No,No
2026-09-16 15:00:00,EXC001,OP1008,2151.1,4.8,4,20,842,6.1,218.4,2,Hoist,Fastened,12.3,No,No
2026-09-16 15:00:00,LDR002,OP1004,923.7,3.6,0,10,1718,7.5,67.8,0,Rest,Unfastened,1.8,Yes,Yes
2026-09-16 15:00:00,BDZ003,OP1003,3793.8,1.7,2,20,1183,23.8,129.0,1,Rest,Fastened,20.1,No,No
2026-09-16 15:00:00,GRD004,OP1001,1872.0,3.5,0,75,1235,6.5,148.0,3,Rest,Fastened,23.4,No,Yes
2026-09-16 15:00:00,CMP006,OP1010,5335.8,6.6,9,15,1987,1.7,55.2,0,Rest,Unfastened,2.3,No,Yes
2026-09-16 15:00:00,LDR008,OP1003,2077.2,7.7,12,15,739,8.6,96.7,0,Dig,Fastened,22.3,No,No
2026-09-16 16:00:00,DMP005,OP1004,4883.0,2.4,0,15,1510,18.0,241.7,0,Hoist,Fastened,6.7,No,No
2026-09-16 16:00:00,EXC007,OP1007,5253.0,5.3,7,15,1033,8.8,157.7,1,Rest,Fastened,10.6,No,No
2026-09-16 16:00:00,LDR008,OP1009,2078.4,7.2,8,75,1795,4.2,134.6,0,Rest,Fastened,1.0,Yes,Yes
2026-09-16 17:00:00,EXC001,OP1005,2153.2,8.0,15,45,1004,20.5,88.8,0,Rest,Fastened,19.8,No,No
2026-09-16 18:00:00,LDR002,OP1009,925.2,1.8,0,5,1641,20.8,59.4,2,Dig,Fastened,6.1,No,No
2026-09-16 18:00:00,BDZ003,OP1008,3795.2,4.9,12,10,1343,23.7,149.2,0,Rest,Fastened,15.3,No,No
2026-09-16 18:00:00,GRD004,OP1003,1873.4,3.5,3,10,2008,10.1,269.5,1,Hoist,Fastened,11.9,No,No
2026-09-16 18:00:00,DMP005,OP1007,4885.2,3.6,6,10,1681,20.4,176.6,0,Dig,Fastened,11.3,No,No
2026-09-16 18:00:00,CMP006,OP1009,5337.5,7.5,4,15,1798,13.4,60.9,0,Rest,Fastened,2.5,No,No
2026-09-16 18:00:00,EXC007,OP1002,5253.9,5.1,2,30,1392,1.9,98.8,1,Rest,Fastened,8.3,No,No
2026-09-16 19:00:00,EXC001,OP1008,2154.9,4.0,13,10,789,23.3,177.5,0,Dig,Fastened,13.8,No,No
2026-09-16 19:00:00,LDR002,OP1007,927.5,7.7,14,15,2112,7.2,175.6,0,Rest,Fastened,17.9,No,No
2026-09-16 19:00:00,LDR008,OP1001,2079.3,3.1,4,75,1120,1.2,107.8,0,Rest,Fastened,16.5,No,Yes
2026-09-16 20:00:00,GRD004,OP1008,1874.8,4.6,6,10,1206,18.7,104.1,0,Dump,Unfastened,12.2,No,Yes
2026-09-16 20:00:00,DMP005,OP1008,4886.3,6.6,11,10,933,24.2,92.4,0,Dig,Fastened,18.5,No,No
2026-09-16 20:00:00,CMP006,OP1002,5339.0,3.1,13,20,937,7.8,275.3,0,Hoist,Fastened,17.2,No,No
2026-09-16 21:00:00,EXC001,OP1003,2157.0,7.2,14,20,904,12.4,115.3,0,Rest,Fastened,10.0,No,No
2026-09-16 21:00:00,LDR002,OP1009,928.4,6.6,2,30,1745,2.0,147.0,0,Dig,Fastened,14.9,No,No
2026-09-16 21:00:00,BDZ003,OP1009,3796.5,4.4,9,60,2121,9.7,206.2,0,Hoist,Fastened,5.1,No,Yes
2026-09-16 21:00:00,EXC007,OP1003,5256.4,7.8,13,45,2127,15.2,185.4,0,Hoist,Fastened,11.1,No,No
2026-09-16 22:00:00,CMP006,OP1003,5340.8,7.7,8,5,1041,3.0,141.2,0,Dump,Fastened,16.6,No,No
2026-09-16 22:00:00,LDR008,OP1009,2081.3,2.2,3,5,1278,6.7,67.8,1,Dump,Fastened,3.0,No,No
2026-09-16 23:00:00,BDZ003,OP1008,3797.6,5.8,2,5,1826,24.9,175.8,3,Dig,Fastened,4.7,No,No
2026-09-16 23:00:00,GRD004,OP1006,1876.9,4.8,4,45,1036,2.0,186.2,0,Hoist,Fastened,11.4,No,No
2026-09-16 23:00:00,DMP005,OP1001,4887.4,3.4,2,75,1537,23.8,250.8,0,Hoist,Fastened,19.3,No,Yes
2026-09-16 23:00:00,LDR008,OP1009,2083.4,5.1,6,15,2109,24.3,103.3,0,Rest,Fastened,19.6,No,No
2026-09-17 00:00:00,EXC001,OP1003,2159.3,4.1,2,5,1372,1.9,84.5,0,Dig,Fastened,21.8,No,No
2026-09-17 00:00:00,LDR002,OP1003,929.4,6.4,2,15,1062,5.9,75.6,0,Rest,Fastened,9.1,No,No
2026-09-17 00:00:00,CMP006,OP1001,5341.8,7.8,2,30,1716,8.4,232.4,0,Hoist,Fastened,22.2,No,No
2026-09-17 00:00:00,EXC007,OP1004,5258.4,1.9,0,20,1575,2.4,121.5,0,Rest,Fastened,7.4,No,No
2026-09-17 01:00:00,GRD004,OP1008,1879.2,4.8,14,15,1854,2.3,260.9,0,Hoist,Fastened,18.1,No,No
2026-09-17 01:00:00,EXC007,OP1001,5259.7,2.3,12,20,1664,5.2,177.0,0,Dump,Fastened,5.4,No,No
2026-09-17 01:00:00,LDR008,OP1010,2084.8,6.2,3,5,1224,16.7,61.7,0,Rest,Fastened,22.7,No,No
2026-09-17 02:00:00,BDZ003,OP1003,3798.9,2.4,15,10,753,19.8,192.1,0,Hoist,Fastened,17.9,No,No
2026-09-17 02:00:00,GRD004,OP1005,1880.9,3.7,2,20,1808,20.4,125.2,0,Dump,Fastened,1.0,Yes,Yes
2026-09-17 02:00:00,DMP005,OP1007,4889.0,4.1,13,20,1813,19.7,178.8,0,Rest,Fastened,16.6,No,No
2026-09-17 02:00:00,CMP006,OP1003,5343.5,3.0,0,5,790,6.4,124.6,1,Rest,Fastened,4.6,No,No
2026-09-17 03:00:00,EXC001,OP1008,2161.6,7.5,7,10,885,21.8,58.9,0,Rest,Fastened,18.1,No,No
2026-09-17 03:00:00,LDR002,OP1010,931.0,3.6,14,30,839,16.1,92.0,3,Dig,Fastened,11.5,No,No
2026-09-17 03:00:00,GRD004,OP1007,1883.3,7.8,11,5,1483,4.5,133.4,1,Rest,Fastened,1.3,Yes,Yes
2026-09-17 03:00:00,DMP005,OP1002,4891.1,5.5,12,10,1379,2.7,136.4,0,Rest,Fastened,13.7,No,No
2026-09-17 03:00:00,CMP006,OP1001,5344.7,3.6,13,15,2175,13.8,146.3,0,Dig,Fastened,4.2,No,No
2026-09-17 03:00:00,EXC007,OP1006,5262.0,4.5,7,10,1250,22.1,108.0,0,Rest,Fastened,10.0,No,No
2026-09-17 04:00:00,BDZ003,OP1010,3800.6,4.6,13,10,1538,22.1,101.8,1,Rest,Fastened,14.0,No,No
2026-09-17 04:00:00,LDR008,OP1002,2086.0,5.9,13,75,937,20.3,160.8,0,Dig,Fastened,11.9,No,Yes
2026-09-17 05:00:00,EXC001,OP1003,2164.1,3.4,11,30,1582,17.4,56.0,1,Dig,Fastened,3.0,No,No
2026-09-17 05:00:00,LDR002,OP1009,932.6,3.4,2,10,1959,1.9,183.8,0,Hoist,Fastened,1.9,Yes,Yes
2026-09-17 05:00:00,GRD004,OP1009,1885.6,4.1,4,45,2190,3.3,65.4,3,Dig,Fastened,17.2,No,No
2026-09-17 05:00:00,DMP005,OP1009,4892.1,6.5,4,5,1406,14.5,224.6,0,Hoist,Fastened,18.8,No,No
2026-09-17 05:00:00,CMP006,OP1001,5346.0,1.9,14,5,1278,4.5,177.6,3,Dig,Fastened,12.8,No,No
2026-09-17 05:00:00,LDR008,OP1003,2088.2,6.3,11,45,1401,8.2,174.2,0,Dig,Fastened,3.9,No,No
2026-09-17 06:00:00,EXC001,OP1003,2165.3,7.4,4,15,1175,2.0,130.6,0,Dig,Fastened,4.9,No,No
2026-09-17 06:00:00,GRD004,OP1009,1887.8,2.5,6,30,2184,10.6,79.9,0,Rest,Unfastened,11.8,No,Yes
2026-09-17 06:00:00,DMP005,OP1003,4893.7,3.8,3,10,1597,8.7,152.0,0,Rest,Fastened,2.6,No,No
2026-09-17 06:00:00,EXC007,OP1006,5262.9,1.9,12,30,1770,20.2,148.3,0,Rest,Fastened,2.6,No,No
2026-09-17 06:00:00,LDR008,OP1008,2089.2,6.0,1,15,1026,20.0,153.6,0,Dump,Fastened,21.0,No,No
2026-09-17 07:00:00,BDZ003,OP1009,3801.5,2.7,4,75,1586,8.6,151.4,1,Dig,Fastened,11.5,No,Yes
2026-09-17 07:00:00,GRD004,OP1001,1888.7,5.9,1,20,1201,6.0,127.2,0,Rest,Fastened,23.4,No,No
2026-09-17 07:00:00,CMP006,OP1010,5347.4,7.8,6,15,2200,19.6,81.5,0,Dump,Fastened,5.4,No,No
2026-09-17 07:00:00,LDR008,OP1003,2090.7,7.2,4,15,1689,15.3,129.5,2,Dig,Fastened,17.1,No,No
2026-09-17 08:00:00,EXC001,OP1008,2167.2,3.7,9,15,2008,22.5,70.5,0,Dump,Fastened,22.5,No,No
2026-09-17 08:00:00,LDR002,OP1001,934.3,4.6,4,15,826,11.2,134.7,0,Dig,Fastened,19.9,No,No
2026-09-17 08:00:00,EXC007,OP1004,5265.3,4.8,4,20,946,11.9,167.4,1,Rest,Fastened,14.5,No,No
2026-09-17 09:00:00,DMP005,OP1002,4895.7,7.5,7,10,1756,0.6,64.2,1,Rest,Fastened,20.3,No,No
2026-09-17 09:00:00,LDR008,OP1006,2091.7,6.2,7,15,2071,0.3,118.2,1,Dig,Fastened,6.9,No,No
2026-09-17 10:00:00,EXC001,OP1008,2169.2,6.0,0,15,2048,2.7,96.7,0,Rest,Fastened,25.0,No,No
2026-09-17 10:00:00,LDR002,OP1009,935.3,4.9,5,45,1445,16.2,142.0,3,Rest,Fastened,18.0,No,No
2026-09-17 10:00:00,BDZ003,OP1003,3803.8,4.9,9,5,861,4.0,79.3,3,Dig,Fastened,4.2,No,No
2026-09-17 10:00:00,GRD004,OP1001,1889.6,5.2,10,15,1185,3.5,80.4,2,Dig,Fastened,19.0,No,No
2026-09-17 10:00:00,DMP005,OP1007,4897.4,6.3,6,10,1620,15.7,135.5,0,Rest,Fastened,11.8,No,No
2026-09-17 10:00:00,CMP006,OP1004,5349.5,3.7,12,10,2189,13.5,140.1,0,Dump,Fastened,10.5,No,No
2026-09-17 10:00:00,EXC007,OP1003,5266.4,6.8,4,75,1918,1.1,138.8,0,Rest,Unfastened,20.3,No,Yes
2026-09-17 11:00:00,LDR008,OP1004,2093.4,6.9,1,20,723,12.0,133.4,0,Dump,Fastened,11.1,No,No
2026-09-17 12:00:00,EXC001,OP1001,2170.5,6.5,7,15,1943,22.8,158.3,2,Dump,Fastened,18.7,No,No
2026-09-17 12:00:00,LDR002,OP1001,937.7,5.9,9,10,1216,19.7,58.6,0,Dump,Fastened,17.1,No,No
2026-09-17 12:00:00,BDZ003,OP1010,3804.9,2.5,10,60,1854,13.3,196.9,2,Hoist,Fastened,15.8,No,Yes
2026-09-17 12:00:00,GRD004,OP1005,1891.9,5.6,13,75,1838,1.5,164.4,2,Dig,Fastened,10.6,No,Yes
2026-09-17 12:00:00,CMP006,OP1001,5350.5,3.0,13,15,2135,24.3,86.4,0,Rest,Fastened,12.6,No,No
2026-09-17 12:00:00,EXC007,OP1009,5267.7,7.2,13,20,930,9.9,85.9,0,Rest,Fastened,2.6,No,No
2026-09-17 13:00:00,BDZ003,OP1010,3807.1,1.7,9,5,2014,6.6,124.4,0,Rest,Fastened,16.2,No,No
2026-09-17 13:00:00,DMP005,OP1002,4898.9,2.8,3,5,1237,14.4,119.8,0,Dig,Fastened,7.3,No,No
2026-09-17 14:00:00,EXC001,OP1003,2171.7,4.4,11,5,2199,15.7,134.0,0,Dig,Fastened,19.0,No,No
2026-09-17 14:00:00,GRD004,OP1009,1892.8,6.4,15,10,1193,8.0,69.4,0,Rest,Fastened,9.8,No,No
2026-09-17 14:00:00,CMP006,OP1007,5352.1,3.0,8,20,1345,1.9,223.5,3,Hoist,Fastened,12.9,No,No
2026-09-17 14:00:00,EXC007,OP1002,5268.8,5.0,11,15,1541,23.1,190.1,0,Hoist,Fastened,24.1,No,No
2026-09-17 14:00:00,LDR008,OP1003,2095.8,1.8,7,15,1827,1.9,204.1,3,Hoist,Fastened,12.6,No,No
2026-09-17 15:00:00,EXC001,OP1003,2172.7,3.3,5,10,1226,19.7,97.6,0,Dig,Fastened,4.8,No,No
2026-09-17 15:00:00,LDR002,OP1002,939.9,6.0,12,60,964,14.6,95.5,3,Rest,Fastened,4.2,No,Yes
2026-09-17 15:00:00,BDZ003,OP1002,3808.7,3.7,4,30,1340,17.2,104.0,0,Rest,Fastened,7.8,No,No
2026-09-17 15:00:00,GRD004,OP1009,1894.1,3.2,10,20,2024,10.3,118.9,0,Rest,Fastened,22.9,No,No
2026-09-17 16:00:00,GRD004,OP1004,1896.5,2.0,6,30,1681,1.3,128.6,0,Rest,Fastened,18.3,No,No
2026-09-17 16:00:00,DMP005,OP1010,4901.2,2.6,9,15,1958,9.8,95.8,0,Rest,Fastened,15.1,No,No
2026-09-17 16:00:00,CMP006,OP1002,5354.1,2.2,14,20,1654,23.6,150.1,0,Rest,Fastened,7.2,No,No
2026-09-17 16:00:00,EXC007,OP1005,5270.3,4.1,10,15,2114,10.1,138.5,0,Dump,Fastened,1.4,Yes,Yes
2026-09-17 17:00:00,EXC001,OP1008,2175.1,6.2,12,10,1841,24.1,175.6,2,Rest,Fastened,20.2,No,No
2026-09-17 17:00:00,GRD004,OP1004,1898.8,3.1,6,10,1512,24.1,179.9,0,Rest,Unfastened,0.9,Yes,Yes
2026-09-17 17:00:00,EXC007,OP1006,5271.2,6.0,3,15,1166,20.4,86.4,0,Rest,Fastened,9.6,No,No
2026-09-17 17:00:00,LDR008,OP1010,2097.2,4.7,0,30,910,11.2,108.1,0,Dig,Fastened,11.4,No,No
2026-09-17 18:00:00,LDR002,OP1006,941.9,6.0,2,5,2023,20.3,157.8,1,Dump,Fastened,16.3,No,No
2026-09-17 18:00:00,BDZ003,OP1006,3810.0,4.4,4,75,898,12.9,81.4,0,Rest,Fastened,10.3,No,Yes
2026-09-17 18:00:00,EXC007,OP1007,5272.5,4.1,15,20,1757,15.1,107.4,2,Rest,Fastened,8.4,No,No
2026-09-17 19:00:00,EXC001,OP1006,2176.1,7.6,3,10,2082,16.8,126.0,1,Dump,Fastened,3.5,No,No
2026-09-17 19:00:00,BDZ003,OP1003,3811.3,2.5,14,10,1721,20.3,143.7,0,Dig,Fastened,6.6,No,No
2026-09-17 19:00:00,DMP005,OP1003,4902.1,5.2,13,5,1080,9.3,100.5,0,Rest,Fastened,8.0,No,No
2026-09-17 19:00:00,LDR008,OP1010,2098.7,5.8,14,15,1398,24.1,165.7,0,Dump,Fastened,2.7,No,No
2026-09-17 21:00:00,LDR002,OP1004,943.4,2.5,9,10,907,8.5,75.0,3,Dig,Fastened,4.9,No,No
2026-09-17 21:00:00,BDZ003,OP1004,3812.9,7.2,15,5,1285,5.4,56.6,0,Rest,Fastened,11.7,No,No
2026-09-17 21:00:00,DMP005,OP1009,4904.0,5.5,11,20,719,4.2,74.3,1,Rest,Fastened,25.0,No,No
2026-09-18 00:00:00,LDR002,OP1006,945.5,2.7,5,30,2176,21.9,127.6,0,Dump,Fastened,1.4,Yes,Yes
2026-09-18 00:00:00,BDZ003,OP1006,3813.7,2.8,9,5,850,19.1,102.1,0,Rest,Fastened,7.0,No,No
2026-09-18 02:00:00,BDZ003,OP1010,3815.4,3.7,11,30,995,3.0,101.2,1,Dig,Fastened,24.7,No,No
